{"cameraMode":{"drawMode":0,"name":"Shaded","section":"Shading Mode"},"sceneLighting":true,"audioPlay":false,"sceneViewState":{"showFog":true,"showMaterialUpdate":false,"showSkybox":true,"showFlares":true,"showImageEffects":true,"showParticleSystems":true,"showVisualEffectGraphs":true,"m_FxEnabled":true},"in2DMode":false,"pivot":{"x":30.458980560302736,"y":0.20336687564849854,"z":-18.080158233642579},"rotation":{"x":-0.2719699740409851,"y":0.24707259237766267,"z":-0.07247529178857804,"w":-0.9272461533546448},"size":128.08633422851563,"orthographic":false}